dv,family,A,B,mean_A,mean_B,n_A,n_B,diff,se,ci_lo,ci_hi,z,p_raw,d,d_lo,d_hi,direction,p_holm,p_bh
OH,clip-level,H1,H2,5.635327635327635,5.544159544159543,39,39,0.09116809116811778,0.21582288867121427,-0.3318447706274622,0.5141809529636977,0.42242086429954023,0.6727178514638165,0.09484882432867169,-0.3492532673648897,0.5389509160222331,—,1.0,0.9126430260755983
OH,clip-level,H1,H3,5.635327635327635,5.6083333333333325,39,40,0.02699430199432999,0.2144697537730146,-0.3933664154007786,0.4473550193894386,0.12586530976717386,0.8998385430389405,0.027949746735660842,-0.41314157924637995,0.4690410727177017,—,1.0,0.9448304701908876
OH,clip-level,H1,HA1,5.635327635327635,5.754385964912281,39,38,-0.11905832958461832,0.2172381358921413,-0.5448450759332153,0.3067284167639786,-0.5480544615045434,0.5836545078783659,-0.12772898494330134,-0.5749473638055275,0.31948939391892484,—,1.0,0.9126430260755983
OH,clip-level,H1,HA2,5.635327635327635,5.7065527065527055,39,39,-0.07122507122504512,0.21582288867121424,-0.494237933020625,0.3517877905705348,-0.3300163002337985,0.7413876456731057,-0.07629613248697871,-0.5203101823997907,0.3677179174258332,—,1.0,0.9126430260755983
OH,clip-level,H1,HA3,5.635327635327635,5.555555555555555,39,41,0.07977207977210832,0.21317465477496775,-0.33805024358682845,0.4975944031310451,0.3742099634514132,0.7082481118679731,0.08410418551249606,-0.35449581465828756,0.5227041856832797,—,1.0,0.9126430260755983
OH,clip-level,H1,A,5.635327635327635,5.237654320987654,39,36,0.3976733143400096,0.22027331335748965,-0.03406237984067012,0.8294090085206893,1.8053631113025976,0.07101787967495063,0.3568272823309103,-0.09976287471982659,0.8134174393816472,—,1.0,0.47488854496416993
OH,clip-level,H2,H3,5.544159544159543,5.6083333333333325,39,40,-0.06417378917378778,0.21446975377301453,-0.48453450656889624,0.35618692822132064,-0.2992206968340465,0.7647716585180027,-0.07005622872959029,-0.5112612760794969,0.3711488186203163,—,1.0,0.9126430260755983
OH,clip-level,H2,HA1,5.544159544159543,5.754385964912281,39,38,-0.2102264207527361,0.21723813589214122,-0.6360131671013329,0.21556032559586072,-0.9677233690548402,0.33318254384630497,-0.2391625993130289,-0.6875197669100963,0.20919456828403843,—,1.0,0.9126430260755983
OH,clip-level,H2,HA2,5.544159544159543,5.7065527065527055,39,39,-0.1623931623931629,0.21582288867121416,-0.5854060241887427,0.2606196994024168,-0.7524371645333391,0.45178820396476715,-0.18427968948051518,-0.6290733387675899,0.26051395980655956,—,1.0,0.9126430260755983
OH,clip-level,H2,HA3,5.544159544159543,5.555555555555555,39,41,-0.011396011396009459,0.21317465477496766,-0.4292183347549461,0.4064263119629271,-0.05345856620731655,0.9573665427927093,-0.012684550042414183,-0.45109530291531835,0.42572620283048995,—,1.0,0.9573665427927093
OH,clip-level,H2,A,5.544159544159543,5.237654320987654,39,36,0.30650522317189177,0.22027331335748956,-0.12523047100878776,0.7382409173525712,1.3914768816068668,0.16408086529682975,0.28666312738529476,-0.1686590123347203,0.7419852671053098,—,1.0,0.5742830285389041
OH,clip-level,H3,HA1,5.6083333333333325,5.754385964912281,40,38,-0.14605263157894832,0.2158938713696213,-0.5692046194634061,0.2770993563055094,-0.6765019805907263,0.4987219889790795,-0.16498404732167182,-0.6097368329076289,0.27976873826428533,—,1.0,0.9126430260755983
OH,clip-level,H3,HA2,5.6083333333333325,5.7065527065527055,40,39,-0.09821937321937511,0.21446975377301453,-0.5185800906144835,0.3221413441757333,-0.4579637524241587,0.6469784831853786,-0.11068844912722257,-0.5520958082247029,0.33071890997025777,—,1.0,0.9126430260755983
OH,clip-level,H3,HA3,5.6083333333333325,5.555555555555555,40,41,0.052777777777778326,0.21180460204513218,-0.3623592422306808,0.4679147977862374,0.24918144963881486,0.8032204279905029,0.05837909373785247,-0.37730241799885367,0.49406060547455866,—,1.0,0.9126430260755983
OH,clip-level,H3,A,5.6083333333333325,5.237654320987654,40,36,0.37067901234567957,0.21894768458825262,-0.05845844944729556,0.7998164741386546,1.6930026597119263,0.09045496094555618,0.34573067465729485,-0.10789038634792375,0.7993517356625135,—,1.0,0.47488854496416993
OH,clip-level,HA1,HA2,5.754385964912281,5.7065527065527055,38,39,0.047833258359573194,0.21723813589214122,-0.3779534879890236,0.47362000470817,0.22018812748109023,0.825724642639827,0.05638950596496955,-0.3904623955772478,0.5032414075071869,—,1.0,0.9126430260755983
OH,clip-level,HA1,HA3,5.754385964912281,5.555555555555555,38,41,0.19883040935672663,0.2146073667186934,-0.22180002941191246,0.6194608481253657,0.9264845489547097,0.3541942231486397,0.22928182861545493,-0.21351664091749162,0.6720802981484015,—,1.0,0.9126430260755983
OH,clip-level,HA1,A,5.754385964912281,5.237654320987654,38,36,0.5167316439246279,0.22166014749835364,0.08227775482785477,0.951185533021401,2.331188757909068,0.019743408678132426,0.49518297674824724,0.032397275656799784,0.9579686778396947,HA1 > A,0.41461158224078093,0.349420237968785
OH,clip-level,HA2,HA3,5.7065527065527055,5.555555555555555,39,41,0.15099715099715344,0.21317465477496766,-0.26682517236178316,0.56881947435609,0.7083260022470762,0.4787428332785859,0.17365292735934915,-0.2655783952622246,0.6128842499809228,—,1.0,0.9126430260755983
OH,clip-level,HA2,A,5.7065527065527055,5.237654320987654,39,36,0.4688983855650547,0.22027331335748954,0.037162691384375224,0.9006340797457342,2.1287117282521764,0.03327811790178905,0.44939835656787513,-0.009280154857762235,0.9080768679935125,HA2 > A,0.665562358035781,0.349420237968785
OH,clip-level,HA3,A,5.555555555555555,5.237654320987654,41,36,0.31790123456790126,0.21767922900802025,-0.10875005428781842,0.744552523423621,1.46041143207186,0.14417703274684804,0.3014468252936549,-0.14874809942560063,0.7516417500129104,—,1.0,0.5742830285389041
AU1,clip-level,H1,H2,5.547008547008546,5.247863247863248,39,39,0.29914529914544774,0.2960649292698345,-0.2811419622234279,0.8794325605143234,1.0104043727273275,0.3123015937434137,0.23167526912914185,-0.21366378241805015,0.6770143206763338,—,1.0,0.4372222312407792
AU1,clip-level,H1,H3,5.547008547008546,5.7,39,40,-0.15299145299130779,0.2942087045181663,-0.7296405138469136,0.42365760786429807,-0.5200099475026279,0.6030566418514913,-0.1379328319470151,-0.5795267040071362,0.303661040113106,—,1.0,0.7915118424300824
AU1,clip-level,H1,HA1,5.547008547008546,5.684210526315789,39,38,-0.13720197930709493,0.2980063594440983,-0.7212944438175277,0.4468904852033378,-0.46039950141678787,0.6452294924957472,-0.12595966456200974,-0.5731655248353156,0.3212461957112961,—,1.0,0.7970481966123937
AU1,clip-level,H1,HA2,5.547008547008546,5.196581196581197,39,39,0.3504273504274979,0.2960649292698345,-0.22985991094137775,0.9307146117963736,1.1836165509090653,0.2365648856858661,0.27020891484282394,-0.17566451633258573,0.7160823460182336,—,1.0,0.35484732852879913
AU1,clip-level,H1,HA3,5.547008547008546,5.16260162601626,39,41,0.3844069209924334,0.29243209316978297,-0.1887599816203412,0.957573823605208,1.3145168740739097,0.18867232337663198,0.29862705305131465,-0.14221451901611265,0.7394686251187419,—,1.0,0.30477836853148244
AU1,clip-level,H1,A,5.547008547008546,4.611111111111112,39,36,0.9358974358975826,0.30217000310178604,0.34364422981808196,1.5281506419770832,3.0972546126040355,0.0019532203182707868,0.5898567531609693,0.12712095402462592,1.0525925522973127,H1 > A,0.037111186047144945,0.013672542227895507
AU1,clip-level,H2,H3,5.247863247863248,5.7,39,40,-0.4521367521367555,0.2942087045181644,-1.0287858129923577,0.12451230871884666,-1.5367891744645532,0.12434494526919086,-0.3926179851430297,-0.8379162316231494,0.052680261337090084,—,1.0,0.2373858046048189
AU1,clip-level,H2,HA1,5.247863247863248,5.684210526315789,39,38,-0.4363472784525427,0.2980063594440964,-1.0204397429629717,0.14774518605788628,-1.464221365163175,0.14313347442281316,-0.3849389124364555,-0.8358199030180473,0.06594207814513631,—,1.0,0.25048358023992306
AU1,clip-level,H2,HA2,5.247863247863248,5.196581196581197,39,39,0.051282051282050156,0.2960649292698326,-0.5290052100868217,0.6315693126509221,0.17321217818173887,0.8624846515236204,0.038447758628771575,-0.40544584412981427,0.48234136138735745,—,1.0,0.9528716941962084
AU1,clip-level,H2,HA3,5.247863247863248,5.16260162601626,39,41,0.08526162184698566,0.292432093169781,-0.48790528076578515,0.6584285244597565,0.29156041295879326,0.7706227467601169,0.0644208018437709,-0.3740991720817227,0.5029407757692645,—,1.0,0.8990598712201364
AU1,clip-level,H2,A,5.247863247863248,4.611111111111112,39,36,0.6367521367521348,0.3021700031017841,0.04449893067263799,1.2290053428316317,2.107264553780505,0.035094654067904824,0.39349013418697276,-0.06387087160113136,0.8508511399750769,H2 > A,0.6317037732222868,0.18424693385650034
AU1,clip-level,H3,HA1,5.7,5.684210526315789,40,38,0.01578947368421285,0.2961623030364087,-0.5646886402671483,0.5962675876355739,0.05331358353960319,0.9574820574947494,0.017154219254969363,-0.42685251871358887,0.46116095722352757,—,1.0,0.9574820574947494
AU1,clip-level,H3,HA2,5.7,5.196581196581197,40,39,0.5034188034188056,0.2942087045181644,-0.07323025743679656,1.0800678642744077,1.7110941848007921,0.08706372750329647,0.43479025610411404,-0.011459596236646885,0.8810401084448749,—,1.0,0.20314869750769177
AU1,clip-level,H3,HA3,5.7,5.16260162601626,40,41,0.5373983739837411,0.29055266060796114,-0.03208484080786267,1.106881588775345,1.8495730614177568,0.06437510844742667,0.466919146701522,0.02543591785231991,0.9084023755507241,—,1.0,0.19430670708078998
AU1,clip-level,H3,A,5.7,4.611111111111112,40,36,1.0888888888888903,0.3003515111419249,0.5001999270507176,1.6775778507270631,3.6253817560263863,0.00028853489677782795,0.7424346070628045,0.2769432569872987,1.2079259571383103,H3 > A,0.006059232832334387,0.004378389498633322
AU1,clip-level,HA1,HA2,5.684210526315789,5.196581196581197,38,39,0.48762932973459283,0.2980063594440965,-0.09646313477583623,1.071721794245022,1.636305113233894,0.1017757464976804,0.4277204931163548,-0.024121229881959638,0.8795622161146692,—,1.0,0.21372906764512883
AU1,clip-level,HA1,HA3,5.684210526315789,5.16260162601626,38,41,0.5216089002995283,0.2943974813771893,-0.05541016319976266,1.0986279637988194,1.7717845202324616,0.07643033312703809,0.4602383286095212,0.013089073153038588,0.9073875840660037,—,1.0,0.20062962445847501
AU1,clip-level,HA1,A,5.684210526315789,4.611111111111112,38,36,1.0730994152046776,0.3040724563325414,0.47711740079289644,1.6690814296164587,3.5290911519822394,0.0004169894760603164,0.7351012715231197,0.2641106120633221,1.2060919309829172,HA1 > A,0.008339789521206328,0.004378389498633322
AU1,clip-level,HA2,HA3,5.196581196581197,5.16260162601626,39,41,0.0339795705649355,0.292432093169781,-0.5391873320478353,0.6071464731777063,0.11619644819629134,0.9074968516154366,0.02557005603221002,-0.4128541945320388,0.46399430659645885,—,1.0,0.9528716941962084
AU1,clip-level,HA2,A,5.196581196581197,4.611111111111112,39,36,0.5854700854700847,0.30217000310178416,-0.006783120609412219,1.1777232915495817,1.937551972267984,0.05267790680236136,0.36075273855233864,-0.09591641125209066,0.8174218883567679,—,0.8955244156401432,0.19430670708078998
AU1,clip-level,HA3,A,5.16260162601626,4.611111111111112,41,36,0.5514905149051492,0.2986114491218325,-0.0337879253736425,1.1367689551839408,1.846849866363104,0.06476890236026332,0.3431712182259406,-0.1077682572979175,0.7941106937497987,—,1.0,0.19430670708078998
CR1,clip-level,H1,H2,5.846153846153847,5.641025641025641,39,39,0.20512820512847202,0.2199117183322873,-0.22589876280281107,0.6361551730597551,0.9327752367362373,0.35093602944040936,0.2360665420933723,-0.20932929472553585,0.6814623789122805,—,1.0,0.6699687834771451
CR1,clip-level,H1,H3,5.846153846153847,5.6,39,40,0.24615384615411526,0.21853294788569305,-0.18217073170184314,0.6744784240100736,1.1263923748599673,0.2599994729056203,0.23230453195379724,-0.21025018176160865,0.6748592456692031,—,1.0,0.6066654367797808
CR1,clip-level,H1,HA1,5.846153846153847,5.815789473684211,39,38,0.030364372469903318,0.2213537778382796,-0.40348903209312464,0.46421777703293127,0.1371757589431676,0.8908918713203235,0.03826284531138348,-0.40854116342279784,0.48506685404556477,—,1.0,0.8908918713203235
CR1,clip-level,H1,HA2,5.846153846153847,5.538461538461538,39,39,0.3076923076925746,0.2199117183322873,-0.12333466023870848,0.7387192756238576,1.3991628551037494,0.1617641525660516,0.3327325680514873,-0.11418068595767283,0.7796458220606475,—,1.0,0.48529245769815477
CR1,clip-level,H1,HA3,5.846153846153847,5.691056910569105,39,41,0.15509693558500534,0.21721331284686832,-0.2706411575948565,0.5808350287648673,0.7140305239686023,0.4752083049512821,0.1844268060537537,-0.2549099476257334,0.6237635597332408,—,1.0,0.7235381020151982
CR1,clip-level,H1,A,5.846153846153847,5.185185185185185,39,36,0.6609686609689275,0.224446457655317,0.22105360396450613,1.1008837179733488,2.9448834607315506,0.0032307632724519674,0.5393828531856466,0.0782270385379723,1.0005386678333208,H1 > A,0.06784602872149131,0.05499922695836308
CR1,clip-level,H2,H3,5.641025641025641,5.6,39,40,0.04102564102564324,0.21853294788569042,-0.3872989368303099,0.46935021888159645,0.18773206247646837,0.8510866948906811,0.04144126384973052,-0.3996758638038204,0.48255839150328145,—,1.0,0.8908918713203235
CR1,clip-level,H2,HA1,5.641025641025641,5.815789473684211,39,38,-0.1747638326585687,0.22135377783827703,-0.6086172372215917,0.25908957190445425,-0.7895227014659433,0.4298065668278984,-0.2514116834778323,-0.6999359850595078,0.19711261810384317,—,1.0,0.7235381020151982
CR1,clip-level,H2,HA2,5.641025641025641,5.538461538461538,39,39,0.10256410256410259,0.21991171833228468,-0.3284628653671754,0.5335910704953806,0.4663876183675175,0.6409380725165291,0.12167610543625429,-0.3225870065350484,0.565939217407557,—,1.0,0.8314590133584082
CR1,clip-level,H2,HA3,5.641025641025641,5.691056910569105,39,41,-0.05003126954346668,0.21721331284686568,-0.4757693627233234,0.3757068236363901,-0.2303324270862646,0.817833464744548,-0.06648357340032275,-0.5050109395379436,0.3720437927372981,—,1.0,0.8908918713203235
CR1,clip-level,H2,A,5.641025641025641,5.185185185185185,39,36,0.45584045584045546,0.22444645765531446,0.015925398836039106,0.8957555128448718,2.030954110848548,0.0422596498886523,0.39216848093400236,-0.06516345137775897,0.8495004132457638,H2 > A,0.7606736979957414,0.2218631619154246
CR1,clip-level,H3,HA1,5.6,5.815789473684211,40,38,-0.21578947368421195,0.21998404581930267,-0.6469582034900452,0.21537925612162126,-0.9809323802575384,0.32662608833366746,-0.23277989079087746,-0.678278615353427,0.21271883377167206,—,1.0,0.6699687834771451
CR1,clip-level,H3,HA2,5.6,5.538461538461538,40,39,0.06153846153845935,0.21853294788569042,-0.3667861163174938,0.48986303939441256,0.28159809371467737,0.7782517020745665,0.059247450749326906,-0.38191908504846117,0.500413986547115,—,1.0,0.8908918713203235
CR1,clip-level,H3,HA3,5.6,5.691056910569105,40,41,-0.09105691056910992,0.2158173040552173,-0.5140588265173358,0.331945005379116,-0.42191663438540966,0.6730858679568067,-0.09456829081511442,-0.5304004091319374,0.3412638275017085,—,1.0,0.8314590133584082
CR1,clip-level,H3,A,5.6,5.185185185185185,40,36,0.4148148148148122,0.2230957144495847,-0.022452785506373807,0.8520824151359983,1.859358060006806,0.0629764023734569,0.31577429127072454,-0.13729439686694161,0.7688429794083906,—,1.0,0.264500889968519
CR1,clip-level,HA1,HA2,5.815789473684211,5.538461538461538,38,39,0.2773279352226713,0.221353777838277,-0.1565254693403516,0.7111813397856942,1.2528719316698966,0.21025231824514856,0.3627044873970477,-0.08771641450655399,0.8131253893006494,—,1.0,0.551912335393515
CR1,clip-level,HA1,HA3,5.815789473684211,5.691056910569105,38,41,0.12473256311510203,0.21867316795009287,-0.30386684606708003,0.553331972297284,0.5704063479044186,0.5684021251073226,0.1876555621098256,-0.2546661569708712,0.6299772811905224,—,1.0,0.7957629751502516
CR1,clip-level,HA1,A,5.815789473684211,5.185185185185185,38,36,0.6306042884990242,0.22585956578688016,0.18791953955673907,1.0732890374413093,2.792019396221008,0.005238021615082198,0.5688667238025118,0.10388748004952753,1.033845967555496,HA1 > A,0.10476043230164395,0.05499922695836308
CR1,clip-level,HA2,HA3,5.538461538461538,5.691056910569105,39,41,-0.15259537210756927,0.21721331284686568,-0.578333465287426,0.27314272107228743,-0.7025139026130882,0.4823587346767988,-0.18728876022505803,-0.6266545824756403,0.25207706202552427,—,1.0,0.7235381020151982
CR1,clip-level,HA2,A,5.538461538461538,5.185185185185185,39,36,0.3532763532763529,0.22444645765531446,-0.08663870372806348,0.7931914102807692,1.573989435907624,0.11548989173730667,0.29284723624697123,-0.16257568069772893,0.7482701531916713,—,1.0,0.4042146210805734
CR1,clip-level,HA3,A,5.691056910569105,5.185185185185185,41,36,0.5058717253839221,0.22180322759615356,0.07113739929546115,0.9406060514723831,2.2807230123133464,0.022564842545634137,0.4461851969378861,-0.006997816710797911,0.8993682105865701,HA3 > A,0.4287320083670486,0.15795389781943897
CR2,clip-level,H1,H2,5.871794871794871,5.7435897435897445,39,39,0.1282051282054137,0.18940158959535955,-0.243021987401491,0.4994322438123184,0.6768957350321774,0.4984721103186579,0.14400321115615022,-0.3004242725482243,0.5884306948605247,—,1.0,0.7682320197573037
CR2,clip-level,H1,H3,5.871794871794871,5.7666666666666675,39,40,0.10512820512849112,0.18821410710805767,-0.2637714448033019,0.47402785506028416,0.5585564586194105,0.5764644628583903,0.11099914040924573,-0.3304101156343997,0.5524083964528912,—,1.0,0.7682320197573037
CR2,clip-level,H1,HA1,5.871794871794871,6.0,39,38,-0.12820512820484456,0.19064358053971361,-0.5018665460626832,0.24545628965299413,-0.672485943884891,0.5012743855531256,-0.1615269314117532,-0.6090178827630044,0.28596401993949805,—,1.0,0.7682320197573037
CR2,clip-level,H1,HA2,5.871794871794871,5.905982905982906,39,39,-0.03418803418774723,0.18940158959535958,-0.405415149794652,0.3370390814191575,-0.1805055293399969,0.8567557139081302,-0.03986234543242477,-0.4837590209221583,0.4040343300573087,—,1.0,0.938712767682134
CR2,clip-level,H1,HA3,5.871794871794871,5.886178861788618,39,41,-0.014383989993460593,0.18707755569581563,-0.38105599915725924,0.3522880191703381,-0.07688784440207608,0.938712767682134,-0.01693477847289503,-0.45534897854785533,0.42147942160206525,—,1.0,0.938712767682134
CR2,clip-level,H1,A,5.871794871794871,5.6388888888888875,39,36,0.23290598290626868,0.1933071879086092,-0.14597610539460537,0.6117880712071427,1.2048490561891614,0.22826157815254033,0.22961283412949787,-0.22488020449081983,0.6841058727498156,—,1.0,0.7682320197573037
CR2,clip-level,H2,H3,5.7435897435897445,5.7666666666666675,39,40,-0.023076923076922565,0.18821410710805536,-0.391976573008711,0.3458227268548659,-0.12260995433075536,0.9024159715087735,-0.02660670195846208,-0.467696008485775,0.41448260456885083,—,1.0,0.938712767682134
CR2,clip-level,H2,HA1,5.7435897435897445,6.0,39,38,-0.2564102564102583,0.19064358053971134,-0.6300716742680925,0.11725116144757591,-1.3449718877727834,0.17863431316568745,-0.3695702474931794,-0.8201303491489367,0.08098985416257792,—,1.0,0.7682320197573037
CR2,clip-level,H2,HA2,5.7435897435897445,5.905982905982906,39,39,-0.16239316239316093,0.18940158959535727,-0.5336202780000612,0.20883395321373932,-0.8574012643721846,0.39122316077501795,-0.2116118583154193,-0.6567049429982882,0.2334812263674496,—,1.0,0.7682320197573037
CR2,clip-level,H2,HA3,5.7435897435897445,5.886178861788618,39,41,-0.1425891181988743,0.18707755569581333,-0.5092611273626684,0.22408289096491982,-0.7621925445226744,0.4459450951388154,-0.1874630474613208,-0.6268306543260499,0.2519045594034083,—,1.0,0.7682320197573037
CR2,clip-level,H2,A,5.7435897435897445,5.6388888888888875,39,36,0.104700854700855,0.19330718790860696,-0.2741812336000146,0.4835829430017246,0.5416293922311681,0.588073839588398,0.11185230861814581,-0.34150636693647146,0.565210984172763,—,1.0,0.7682320197573037
CR2,clip-level,H3,HA1,5.7666666666666675,6.0,40,38,-0.23333333333333567,0.1894638825059695,-0.6046825430450359,0.13801587637836454,-1.2315451908148456,0.21811902570299468,-0.3034584692048456,-0.7500034717461515,0.14308653333646032,—,1.0,0.7682320197573037
CR2,clip-level,H3,HA2,5.7666666666666675,5.905982905982906,40,39,-0.13931623931623835,0.1882141071080554,-0.5082158892480269,0.22958341061555018,-0.7402008354042009,0.45917814076658636,-0.1669978513664114,-0.6088356470355824,0.2748399443027595,—,1.0,0.7682320197573037
CR2,clip-level,H3,HA3,5.7666666666666675,5.886178861788618,40,41,-0.11951219512195171,0.18587522647828714,-0.4838276390193945,0.2448032487754911,-0.6429700040522207,0.5202435636787889,-0.1446102108979109,-0.5807678223729863,0.29154740057716444,—,1.0,0.7682320197573037
CR2,clip-level,H3,A,5.7666666666666675,5.6388888888888875,40,36,0.12777777777777755,0.19214384421669065,-0.2488241568869361,0.5043797124424911,0.6650110405497867,0.5060434315057177,0.12883150280588893,-0.3219129841299291,0.5795759897417069,—,1.0,0.7682320197573037
CR2,clip-level,HA1,HA2,6.0,5.905982905982906,38,39,0.09401709401709733,0.19064358053971137,-0.2796443238407369,0.4676785118749316,0.49315635885003445,0.621902111232103,0.1444619855321308,-0.3028834003306348,0.5918073713948964,—,1.0,0.7682320197573037
CR2,clip-level,HA1,HA3,6.0,5.886178861788618,38,41,0.11382113821138397,0.18833487331047694,-0.25531521347715086,0.48295748989991877,0.6043550841683242,0.5456075910854711,0.17618776519130158,-0.2660192607308799,0.6183947911134831,—,1.0,0.7682320197573037
CR2,clip-level,HA1,A,6.0,5.6388888888888875,38,36,0.36111111111111327,0.19452424413652594,-0.02015640739647756,0.742378629618704,1.8563810013196562,0.06339927077813176,0.4291808305203132,-0.0318907295766096,0.8902523906172359,—,1.0,0.7682320197573037
CR2,clip-level,HA2,HA3,5.905982905982906,5.886178861788618,39,41,0.019804044194286635,0.18707755569581333,-0.34686796496950745,0.3864760533580808,0.10586007562814141,0.9156933710515202,0.027385471693837447,-0.411041411281251,0.46581235466892584,—,1.0,0.938712767682134
CR2,clip-level,HA2,A,5.905982905982906,5.6388888888888875,39,36,0.2670940170940159,0.19330718790860696,-0.11178807120685369,0.6459761053948856,1.3817076332427658,0.1670614896771001,0.2955305046489247,-0.1599368012786736,0.750997810576523,—,1.0,0.7682320197573037
CR2,clip-level,HA3,A,5.886178861788618,5.6388888888888875,41,36,0.2472899728997293,0.19103067450282815,-0.12713014912581386,0.6217100949252724,1.2945040033142334,0.19549138738321992,0.2764863999478229,-0.1733086874065336,0.7262814873021795,—,1.0,0.7682320197573037
OH1,clip-level,H1,H2,5.794871794871795,5.666666666666667,39,39,0.12820512820528537,0.19071969490500124,-0.24560547380851702,0.5020157302190877,0.6722175613228891,0.5014452026950538,0.14333366107342457,-0.3010884925516204,0.5877558146984696,—,1.0,0.9735163269576531
OH1,clip-level,H1,H3,5.794871794871795,5.758333333333333,39,40,0.03653846153861752,0.18952394835310013,-0.33492847723345875,0.40800540031069377,0.19279073624269946,0.8471228587963353,0.041733564818236236,-0.39938423286335595,0.48285136249982846,—,1.0,0.9735163269576531
OH1,clip-level,H1,HA1,5.794871794871795,5.815789473684211,39,38,-0.02091767881225864,0.19197032925547342,-0.3971795241529865,0.35534416652846923,-0.10896308243771083,0.9132317718833322,-0.024435831559021747,-0.471215638758989,0.4223439756409455,—,1.0,0.9735163269576531
OH1,clip-level,H1,HA2,5.794871794871795,5.777777777777778,39,39,0.017094017094173998,0.19071969490500124,-0.3567165849196284,0.3909046191079764,0.08962900817709804,0.9285820319817508,0.01972122824216705,-0.4241421581482386,0.46358461463257267,—,1.0,0.9735163269576531
OH1,clip-level,H1,HA3,5.794871794871795,5.788617886178862,39,41,0.006253908693089949,0.18837948732164975,-0.36296988645734357,0.37547770384352347,0.0331984590361034,0.9735163269576531,0.007495141444132523,-0.43091274385383027,0.44590302674209537,—,1.0,0.9735163269576531
OH1,clip-level,H1,A,5.794871794871795,5.518518518518516,39,36,0.276353276353435,0.1946524735068907,-0.10516557172007074,0.6578721244269408,1.4197265073215322,0.155687317962604,0.2911002394822942,-0.1642939924150711,0.7464944713796595,—,1.0,0.9037132132332762
OH1,clip-level,H2,H3,5.666666666666667,5.758333333333333,39,40,-0.09166666666666785,0.18952394835309874,-0.4631336054387414,0.2798002721054057,-0.48366798741384015,0.6286215158698394,-0.10923939093097385,-0.5506379728314685,0.33215919096952085,—,1.0,0.9735163269576531
OH1,clip-level,H2,HA1,5.666666666666667,5.815789473684211,39,38,-0.14912280701754402,0.19197032925547206,-0.5253846523582693,0.2271390383231812,-0.7768013296424209,0.4372759921792181,-0.18235501478215954,-0.6300455562401026,0.26533552667578353,—,1.0,0.9735163269576531
OH1,clip-level,H2,HA2,5.666666666666667,5.777777777777778,39,39,-0.11111111111111138,0.1907196949049999,-0.48492171312491117,0.2626994909026884,-0.5825885531457952,0.5601703130803173,-0.13394571363831512,-0.5782957423496752,0.310404315073045,—,1.0,0.9735163269576531
OH1,clip-level,H2,HA3,5.666666666666667,5.788617886178862,39,41,-0.12195121951219542,0.18837948732164833,-0.49117501466262614,0.24727257563823532,-0.647369951187785,0.5173925387531387,-0.15308227415709647,-0.5921298567764147,0.2859653084622218,—,1.0,0.9735163269576531
OH1,clip-level,H2,A,5.666666666666667,5.518518518518516,39,36,0.1481481481481496,0.19465247350688933,-0.23337069992535345,0.5296669962216527,0.7610904987698818,0.44660301506367006,0.1620827110403024,-0.2916644520904249,0.6158298741710296,—,1.0,0.9735163269576531
OH1,clip-level,H3,HA1,5.758333333333333,5.815789473684211,40,38,-0.057456140350876164,0.19078242133159481,-0.431389686160802,0.3164774054590497,-0.30116055740278547,0.7632920650043806,-0.07201705882914686,-0.5161594421529309,0.3721253244946372,—,1.0,0.9735163269576531
OH1,clip-level,H3,HA2,5.758333333333333,5.777777777777778,40,39,-0.019444444444443522,0.18952394835309877,-0.39091138321651714,0.35202249432763005,-0.10259623975444472,0.9182834273334072,-0.02400642768596499,-0.4650921069200234,0.4170792515480934,—,1.0,0.9735163269576531
OH1,clip-level,H3,HA3,5.758333333333333,5.788617886178862,40,41,-0.03028455284552757,0.18716879071645165,-0.3971353826497728,0.33656627695871766,-0.1618034327710471,0.8714606497067492,-0.038965554058334434,-0.4745956329624972,0.39666452484582826,—,1.0,0.9735163269576531
OH1,clip-level,H3,A,5.758333333333333,5.518518518518516,40,36,0.23981481481481748,0.19348103373985284,-0.13940801131529407,0.619037640944929,1.2394745375263152,0.21516981267458957,0.26810504000133606,-0.18418667054566912,0.7203967505483413,—,1.0,0.9037132132332762
OH1,clip-level,HA1,HA2,5.815789473684211,5.777777777777778,38,39,0.038011695906432635,0.19197032925547208,-0.33825014943429266,0.4142735412471579,0.1980081820657143,0.8430386621142824,0.04830021851536984,-0.3985280443247154,0.4951284813554551,—,1.0,0.9735163269576531
OH1,clip-level,HA1,HA3,5.815789473684211,5.788617886178862,38,41,0.02717158750534859,0.18964555500555552,-0.3445337003055402,0.3988768753162374,0.14327563598605103,0.8860724969620765,0.03608583713374913,-0.4053028341177156,0.4774745083852139,—,1.0,0.9735163269576531
OH1,clip-level,HA1,A,5.815789473684211,5.518518518518516,38,36,0.29727095516569363,0.19587799961238214,-0.08664992407457534,0.6811918344059626,1.5176331990011915,0.129106892732086,0.3396839353505867,-0.11944662657957222,0.7988144972807456,—,1.0,0.9037132132332762
OH1,clip-level,HA2,HA3,5.777777777777778,5.788617886178862,39,41,-0.010840108401084049,0.18837948732164836,-0.38006390355151487,0.35838368674934673,-0.057543995661136486,0.9541118606782658,-0.014146836146845448,-0.4525586633947595,0.4242649911010685,—,1.0,0.9735163269576531
OH1,clip-level,HA2,A,5.777777777777778,5.518518518518516,39,36,0.25925925925926097,0.19465247350688938,-0.1222595888142422,0.6407781073327641,1.3319083728472885,0.18289029935877854,0.29267068570015753,-0.1627493246352807,0.7480906960355957,—,1.0,0.9037132132332762
OH1,clip-level,HA3,A,5.788617886178862,5.518518518518516,41,36,0.27009936766034504,0.19236011712738454,-0.10692646190932864,0.6471251972300187,1.4041339321990538,0.16027897094744947,0.31688358527847144,-0.13357570817556086,0.7673428787325037,—,1.0,0.9037132132332762
OH2,clip-level,H1,H2,5.863247863247863,5.76923076923077,39,39,0.09401709401720641,0.1938404290156594,-0.285910146853486,0.47394433488789883,0.48502314246122125,0.6276599294622016,0.10806312165790992,-0.33611330447590304,0.5522395477917229,—,1.0,0.9680826095017809
OH2,clip-level,H1,H3,5.863247863247863,5.7666666666666675,39,40,0.0965811965813096,0.1926251165397771,-0.2809640318366535,0.4741264249992727,0.5013946172557698,0.6160934273068475,0.1100411985251214,-0.3313622257914143,0.5514446228416571,—,1.0,0.9680826095017809
OH2,clip-level,H1,HA1,5.863247863247863,5.850877192982456,39,38,0.012370670265518621,0.19511152741563323,-0.37004792346912246,0.39478926400015973,0.06340307222938293,0.9494455408903276,0.014192474986394957,-0.4325762858020399,0.46096123577482984,—,1.0,0.98937938380946
OH2,clip-level,H1,HA2,5.863247863247863,5.846153846153846,39,39,0.017094017094128885,0.1938404290156594,-0.3628332237765635,0.3970212579648213,0.08818602590251153,0.9297288237580261,0.019621620510391225,-0.42424165717060563,0.4634848981913881,—,1.0,0.98937938380946
OH2,clip-level,H1,HA3,5.863247863247863,5.739837398373984,39,41,0.12341046487399282,0.1914619287660207,-0.25185491550740774,0.4986758452553934,0.6445692136780292,0.5192063909786211,0.14388054623101473,-0.2950923125795265,0.5828534050415559,—,1.0,0.9680826095017809
OH2,clip-level,H1,A,5.863247863247863,5.425925925925927,39,36,0.43732193732204994,0.19783755942106185,0.0495603208567687,0.8250835537873311,2.2105101710807524,0.02706977541602974,0.4347952499222892,-0.023522644768207535,0.8931131446127859,H1 > A,0.5684652837366245,0.23562904554709388
OH2,clip-level,H2,H3,5.76923076923077,5.7666666666666675,39,40,0.0025641025641031934,0.1926251165397759,-0.37498112585385757,0.380109330982064,0.013311361520052458,0.98937938380946,0.0032008453343274827,-0.43786923210088635,0.4442709227695413,—,1.0,0.98937938380946
OH2,clip-level,H2,HA1,5.76923076923077,5.850877192982456,39,38,-0.08164642375168779,0.19511152741563204,-0.46406501748632656,0.300772169982951,-0.4184602767101623,0.6756106239153317,-0.10305251047521166,-0.5501120335587111,0.3440070126082878,—,1.0,0.9680826095017809
OH2,clip-level,H2,HA2,5.76923076923077,5.846153846153846,39,39,-0.07692307692307752,0.1938404290156582,-0.4568503177937676,0.30300416394761254,-0.3968371165587122,0.6914875782155578,-0.09701758745024763,-0.5411312158056376,0.3470960409051424,—,1.0,0.9680826095017809
OH2,clip-level,H2,HA3,5.76923076923077,5.739837398373984,39,41,0.029393370856786408,0.1914619287660195,-0.34587200952461183,0.4046587512381846,0.1535207079873684,0.8779876612626664,0.037673433296139244,-0.40077177670492947,0.476118643297208,—,1.0,0.98937938380946
OH2,clip-level,H2,A,5.76923076923077,5.425925925925927,39,36,0.3433048433048435,0.19783755942106065,-0.04445677316043539,0.7310664597701224,1.7352864860922725,0.08269007418771049,0.36679944021476524,-0.08999305223412918,0.8235919326636596,—,1.0,0.34918568225903485
OH2,clip-level,H3,HA1,5.7666666666666675,5.850877192982456,40,38,-0.08421052631579098,0.19390418183074018,-0.4642627227040417,0.29584167007245976,-0.4342893769526782,0.66407831701495,-0.1050193724254111,-0.5493236991271859,0.33928495427636374,—,1.0,0.9680826095017809
OH2,clip-level,H3,HA2,5.7666666666666675,5.846153846153846,40,39,-0.07948717948718072,0.19262511653977588,-0.45703240790514144,0.29805804893078003,-0.4126522071215314,0.6798614453728291,-0.09907209274617587,-0.5404123379814688,0.34226815248911713,—,1.0,0.9680826095017809
OH2,clip-level,H3,HA3,5.7666666666666675,5.739837398373984,40,41,0.026829268292683214,0.19023142161008033,-0.3460243180630742,0.39968285464844067,0.1410348935291852,0.8878423767850131,0.03397299537968801,-0.4016471721356425,0.4695931628950185,—,1.0,0.98937938380946
OH2,clip-level,H3,A,5.7666666666666675,5.425925925925927,40,36,0.34074074074074034,0.19664695146040154,-0.044687284121646687,0.7261687656031274,1.7327537407024323,0.08313944815691306,0.3615255026204618,-0.09240664985624047,0.8154576550971641,—,1.0,0.34918568225903485
OH2,clip-level,HA1,HA2,5.850877192982456,5.846153846153846,38,39,0.0047233468286102635,0.19511152741563204,-0.3776952469060285,0.387141940563249,0.024208445760093192,0.9806863413633042,0.005951998159496417,-0.4408121282756718,0.45271612459466465,—,1.0,0.98937938380946
OH2,clip-level,HA1,HA3,5.850877192982456,5.739837398373984,38,41,0.1110397946084742,0.19274871303407146,-0.26674768293830586,0.48882727215525423,0.5760857899416746,0.5645571958188678,0.14222419349558388,-0.2996854274622148,0.5841338144533825,—,1.0,0.9680826095017809
OH2,clip-level,HA1,A,5.850877192982456,5.425925925925927,38,36,0.4249512670565313,0.19908313873145614,0.034748315142877295,0.8151542189701853,2.134541728467268,0.03279846163916104,0.45284991851301537,-0.008808915687758156,0.914508752713789,HA1 > A,0.6559692327832207,0.23562904554709388
OH2,clip-level,HA2,HA3,5.846153846153846,5.739837398373984,39,41,0.10631644777986393,0.1914619287660195,-0.2689489326015343,0.48158182816126216,0.5552876671883443,0.5786979130742211,0.13604538505498207,-0.3028674884002357,0.5749582585101999,—,1.0,0.9680826095017809
OH2,clip-level,HA2,A,5.846153846153846,5.425925925925927,39,36,0.42022792022792105,0.19783755942106065,0.032466303762642146,0.8079895366932,2.12410586471876,0.03366129222101341,0.4484477507621911,-0.01020693219435903,0.9071024337187412,HA2 > A,0.6559692327832207,0.23562904554709388
OH2,clip-level,HA3,A,5.739837398373984,5.425925925925927,41,36,0.3139114724480571,0.19550769336144191,-0.06928360654036902,0.6971065514364833,1.6056220962502892,0.1083569674967087,0.3403375385081071,-0.11054836181401956,0.7912234388302337,—,1.0,0.3792493862384805
OH3,clip-level,H1,H2,5.247863247863248,5.196581196581197,39,39,0.051282051281975376,0.3432059571217569,-0.6214016246766682,0.7239657272406189,0.14942063276536421,0.8812217318946729,0.03285052695904859,-0.4110320060843369,0.4767330600024341,—,1.0,0.8812217318946729
OH3,clip-level,H1,H3,5.247863247863248,5.3,39,40,-0.05213675213682811,0.3410541744229396,-0.7206029340057898,0.6163294297321336,-0.1528694150278119,0.8785012556490218,-0.03272451655605114,-0.47382382707189535,0.4083747939597931,—,1.0,0.8812217318946729
OH3,clip-level,H1,HA1,5.247863247863248,5.5964912280701755,39,38,-0.34862798020700336,0.3454565121023369,-1.0257227439275836,0.32846678351357694,-1.00918051330214,0.31288807040075517,-0.24192379275460385,-0.6903179124682137,0.20647032695900608,—,1.0,0.6570649478415859
OH3,clip-level,H1,HA2,5.247863247863248,5.495726495726496,39,39,-0.2478632478633238,0.3432059571217569,-0.9205469238219673,0.4248204280953197,-0.722199725033884,0.4701716923666458,-0.17111460448927338,-0.6157787160310967,0.27354950705255,—,1.0,0.7595081184384278
OH3,clip-level,H1,HA3,5.247863247863248,5.138211382113821,39,41,0.10965186574935065,0.33899468159560925,-0.5547777101780436,0.7740814416767448,0.3234619057538951,0.7463454529681817,0.06803699765426549,-0.3704960890811594,0.5065700843896904,—,1.0,0.8812217318946729
OH3,clip-level,H1,A,5.247863247863248,4.76851851851852,39,36,0.4793447293446528,0.35028311317992783,-0.20721017248800577,1.1658996311773113,1.3684494379220349,0.17117143842531113,0.26881509197024145,-0.18622813869862354,0.7238583226391064,—,1.0,0.6570649478415859
OH3,clip-level,H2,H3,5.196581196581197,5.3,39,40,-0.1034188034188035,0.34105417442294134,-0.7718849852877685,0.5650473784501615,-0.30323277407111815,0.761712473991423,-0.06921750333146301,-0.5104193320207981,0.3719843253578722,—,1.0,0.8812217318946729
OH3,clip-level,H2,HA1,5.196581196581197,5.5964912280701755,39,38,-0.39991003148897875,0.34545651210233863,-1.0770047952095625,0.277184732231605,-1.1576277113876166,0.24701599554071652,-0.30122153690361325,-0.7505106555701608,0.14806758176293433,—,1.0,0.6570649478415859
OH3,clip-level,H2,HA2,5.196581196581197,5.495726495726496,39,39,-0.2991452991452992,0.3432059571217586,-0.9718289751039461,0.3735383768133477,-0.8716203577992439,0.38341552096690834,-0.2236995646024518,-0.6689381883789517,0.22153905917404812,—,1.0,0.6786603816423167
OH3,clip-level,H2,HA3,5.196581196581197,5.138211382113821,39,41,0.058369814467375276,0.33899468159561097,-0.6060597614600222,0.7227993903947728,0.1721850448881231,0.8632920547386025,0.038526266579207095,-0.3999207227799431,0.4769732559383573,—,1.0,0.8812217318946729
OH3,clip-level,H2,A,5.196581196581197,4.76851851851852,39,36,0.4280626780626774,0.35028311317992955,-0.2584922237699845,1.1146175798953393,1.2220477149944562,0.2216895835284156,0.2532498873996697,-0.20156461134208425,0.7080643861414236,—,1.0,0.6570649478415859
OH3,clip-level,H3,HA1,5.3,5.5964912280701755,40,38,-0.29649122807017525,0.3433188352557502,-0.9693961451714456,0.37641368903109507,-0.8636031514242689,0.3878059323670381,-0.21657591175432278,-0.6618733467640214,0.22872152325537587,—,1.0,0.6786603816423167
OH3,clip-level,H3,HA2,5.3,5.495726495726496,40,39,-0.1957264957264957,0.34105417442294134,-0.8641926775954607,0.4727396861424693,-0.573886820349471,0.5660443922688903,-0.1420681193929354,-0.583693866553211,0.29955762776734024,—,1.0,0.8490665884033354
OH3,clip-level,H3,HA3,5.3,5.138211382113821,40,41,0.16178861788617876,0.33681599581605587,-0.49837073391329073,0.8219479696856482,0.48034719222342337,0.6309805373493631,0.10452138778961043,-0.33136463539992844,0.5404074109791493,—,1.0,0.8812217318946729
OH3,clip-level,H3,A,5.3,4.76851851851852,40,36,0.5314814814814809,0.3481750712881021,-0.15094165824319916,1.213904621206161,1.5264776984613566,0.12689094035058485,0.30908366239020507,-0.1438684042398502,0.7620357290202604,—,1.0,0.6570649478415859
OH3,clip-level,HA1,HA2,5.5964912280701755,5.495726495726496,38,39,0.10076473234367955,0.34545651210233863,-0.5763300313769042,0.7778594960642633,0.2916857225543597,0.7705269265063674,0.0845793276761794,-0.36238348096861295,0.5315421363209717,—,1.0,0.8812217318946729
OH3,clip-level,HA1,HA3,5.5964912280701755,5.138211382113821,38,41,0.458279845956354,0.3412730093344044,-0.21061525233907857,1.1271749442517867,1.3428540594234268,0.17931923466820832,0.32879997367510944,-0.11552070118723262,0.7731206485374515,—,1.0,0.6570649478415859
OH3,clip-level,HA1,A,5.5964912280701755,4.76851851851852,38,36,0.8279727095516561,0.35248848510139186,0.13709527875292815,1.5188501403503842,2.3489354817179153,0.018827168784410528,0.5249610864430814,0.061324247418845956,0.9885979254673167,HA1 > A,0.3953705444726211,0.3953705444726211
OH3,clip-level,HA2,HA3,5.495726495726496,5.138211382113821,39,41,0.35751511361267446,0.33899468159561097,-0.306914462314723,1.021944689540072,1.0546333999397568,0.2915930221199746,0.25501835898920316,-0.18516523923308997,0.6952019572114962,—,1.0,0.6570649478415859
OH3,clip-level,HA2,A,5.495726495726496,4.76851851851852,39,36,0.7272079772079766,0.35028311317992955,0.04065307537531471,1.4137628790406385,2.076057765406557,0.037888608723140926,0.45952366808406836,0.0005882969831781937,0.9184590391849585,HA2 > A,0.7577721744628185,0.3978303915929797
OH3,clip-level,HA3,A,5.138211382113821,4.76851851851852,41,36,0.3696928635953021,0.3461579473669073,-0.3087767132438362,1.0481624404344405,1.06798895246351,0.285525495184043,0.21299099541966432,-0.23594143460346217,0.6619234254427908,—,1.0,0.6570649478415859
CR3,clip-level,H1,H2,6.273504273504273,6.025641025641024,39,39,0.2478632478631459,0.23036143931430728,-0.20364517319289638,0.6993716689191882,1.0759754262733139,0.28193824668618794,0.252231638559306,-0.19338235490941452,0.6978456320280266,—,1.0,0.49810647699481514
CR3,clip-level,H1,H3,6.273504273504273,6.1083333333333325,39,40,0.16517094017083594,0.22891715272980806,-0.28350667917958783,0.6138485595212597,0.7215315156649181,0.470582557575843,0.17180444217740912,-0.27007815820176884,0.613687042556587,—,1.0,0.5429798741259727
CR3,clip-level,H1,HA1,6.273504273504273,5.8157894736842115,39,38,0.4577147998199564,0.23187202231505186,0.0032456360824547614,0.912183963557458,1.9739975321302232,0.04838202355982257,0.5549771062445993,0.09969643382536736,1.0102577786638312,H1 > HA1,0.5805842827178709,0.18143258834933465
CR3,clip-level,H1,HA2,6.273504273504273,5.786324786324788,39,39,0.48717948717938253,0.23036143931430722,0.03567106612334037,0.9386879082354247,2.114848251641068,0.03444288287655813,0.5198544197138275,0.0685671789766385,0.9711416604510166,H1 > HA2,0.44775747739525573,0.17221441438279064
CR3,clip-level,H1,HA3,6.273504273504273,5.601626016260163,39,41,0.671878257244006,0.2275348115375396,0.22591002663042836,1.1178464878575836,2.9528591809924296,0.0031484555241756886,0.6041622710728242,0.15587211459648498,1.0524524275491633,H1 > HA3,0.04722683286263533,0.04722683286263533
CR3,clip-level,H2,H3,6.025641025641024,6.1083333333333325,39,40,-0.08269230769230995,0.228917152729809,-0.5313699270427357,0.3659853116581157,-0.3612324664456739,0.7179256736831399,-0.07909112111638592,-0.5203332967470986,0.36215105451432683,—,1.0,0.7692060789462213
CR3,clip-level,H2,HA1,6.025641025641024,5.8157894736842115,39,38,0.2098515519568105,0.2318720223150528,-0.24461761178069297,0.664320715694314,0.9050317923724222,0.36544854464626453,0.22713864174979564,-0.22106252502916118,0.6753398085287525,—,1.0,0.4983389245176335
CR3,clip-level,H2,HA2,6.025641025641024,5.786324786324788,39,39,0.23931623931623663,0.2303614393143082,-0.21219218173980742,0.6908246603722807,1.038872825367749,0.2988638861968891,0.2336229799552616,-0.21174112751738428,0.6789870874279075,—,1.0,0.49810647699481514
CR3,clip-level,H2,HA3,6.025641025641024,5.601626016260163,39,41,0.42401500938086006,0.22753481153754057,-0.021953221232719422,0.8699832399944396,1.8635170878496656,0.06238955067929002,0.35791983380647746,-0.08398056755407524,0.7998202351670302,—,0.6862850574721903,0.1871686520378701
CR3,clip-level,H3,HA1,6.1083333333333325,5.8157894736842115,40,38,0.29254385964912044,0.2304372036443667,-0.1591130594938383,0.7442007787920792,1.269516618942325,0.20425686704933144,0.32442578259886323,-0.12248207925703342,0.7713336444547598,—,1.0,0.43769328653428163
CR3,clip-level,H3,HA2,6.1083333333333325,5.786324786324788,40,39,0.3220085470085466,0.228917152729809,-0.12666907234187907,0.7706861663589722,1.4066597595183852,0.159528303531565,0.32091077065014306,-0.12298843245255664,0.7648099737528428,—,1.0,0.3988207588289125
CR3,clip-level,H3,HA3,6.1083333333333325,5.601626016260163,40,41,0.50670731707317,0.2260724674797599,0.06360528081284056,0.9498093533334994,2.241349080327683,0.02500347208887524,0.4348907438943357,-0.0058160854587107624,0.8755975732473822,H3 > HA3,0.35004860924425335,0.17221441438279064
CR3,clip-level,HA1,HA2,5.8157894736842115,5.786324786324788,38,39,0.029464687359426145,0.2318720223150528,-0.4250044763780773,0.4839338510969296,0.12707305980792896,0.8988825737410306,0.033687873884605785,-0.4131069457627192,0.48048269353193074,—,1.0,0.8988825737410306
CR3,clip-level,HA1,HA3,5.8157894736842115,5.601626016260163,38,41,0.21416345742404957,0.22906403574314482,-0.23480205263251425,0.6631289674806133,0.9349501624261802,0.34981398395066177,0.20137242684369894,-0.24109593158341092,0.6438407852708088,—,1.0,0.4983389245176335
CR3,clip-level,HA2,HA3,5.786324786324788,5.601626016260163,39,41,0.18469877006462343,0.22753481153754054,-0.261269460548956,0.6306670006782029,0.8117385151596915,0.4169416890767662,0.16086615129362936,-0.27824824599314685,0.5999805485804055,—,1.0,0.5211771113459577
PE,participant-level,H1,H2,5.006410256410256,4.967948717948718,39,39,0.03846153846154024,0.3365157472027024,-0.6211093260557564,0.6980324029788368,0.11429342840937749,0.9090917378551857,0.023696945680027538,-0.4201712291382333,0.4675651204982884,—,1.0,0.9854845227421565
PE,participant-level,H1,H3,5.006410256410256,5.0125,39,40,-0.0060897435897428465,0.3344059098071561,-0.6615253268117689,0.6493458396322831,-0.018210633876819506,0.9854845227421565,-0.003913694125463133,-0.4449839113460099,0.4371565230950837,—,1.0,0.9854845227421565
PE,participant-level,H1,HA1,5.006410256410256,5.480263157894737,39,38,-0.4738529014844785,0.3387224314842408,-1.1377488671935905,0.1900430642246334,-1.398941603625459,0.16299980489238747,-0.32343228231635485,-0.7731063932687217,0.12624182863601197,—,1.0,0.6964791831573086
PE,participant-level,H1,HA2,5.006410256410256,5.243589743589744,39,39,-0.23717948717948584,0.33651574720270305,-0.8967503516967839,0.4223913773378121,-0.7048094751911232,0.48154778865005976,-0.15379726749028835,-0.5983055500397491,0.2907110150591723,—,1.0,0.9357251654262431
PE,participant-level,H1,HA3,5.006410256410256,4.9939024390243905,39,41,0.01250781738586872,0.3323865632507609,-0.6389698465856226,0.66398548135736,0.037630333980836955,0.9700107537655174,0.007995725308629182,-0.43041237233151153,0.4464038229487699,—,1.0,0.9854845227421565
PE,participant-level,H1,A,5.006410256410256,4.868055555555555,39,36,0.13835470085470344,0.3434549462741815,-0.5348169938426922,0.8115263955520992,0.402832168689323,0.6873964783367222,0.07731836140522838,-0.3758557542314115,0.5304924770418682,—,1.0,0.9854845227421565
PE,participant-level,H2,H3,4.967948717948718,5.0125,39,40,-0.044551282051283086,0.33440590980715545,-0.6999868652733078,0.6108843011707416,-0.13322516362517287,0.8941164215812882,-0.030953031548594537,-0.4720492331123779,0.41014317001518885,—,1.0,0.9854845227421565
PE,participant-level,H2,HA1,4.967948717948718,5.480263157894737,39,38,-0.5123144399460188,0.33872243148424047,-1.1762104056551301,0.15158152576309258,-1.5124904415131861,0.1316007722462529,-0.38317856627522384,-0.834022150686983,0.06766501813653536,—,1.0,0.6964791831573086
PE,participant-level,H2,HA2,4.967948717948718,5.243589743589744,39,39,-0.2756410256410261,0.3365157472027027,-0.9352118901583234,0.3839298388762712,-0.8191029036005014,0.41346372312132695,-0.19374273580900955,-0.6386353996796502,0.25114992806163117,—,1.0,0.9357251654262431
PE,participant-level,H2,HA3,4.967948717948718,4.9939024390243905,39,41,-0.02595372107567152,0.3323865632507609,-0.6774313850471628,0.6255239428958198,-0.07808294301021841,0.9378210002657068,-0.01790111502994582,-0.45631623689589673,0.42051400683600515,—,1.0,0.9854845227421565
PE,participant-level,H2,A,4.967948717948718,4.868055555555555,39,36,0.0998931623931632,0.34345494627418177,-0.5732785323042331,0.7730648570905594,0.2908479364668052,0.7713951196742512,0.05934540074116527,-0.39375930329647824,0.5124501047788088,—,1.0,0.9854845227421565
PE,participant-level,H3,HA1,5.0125,5.480263157894737,40,38,-0.46776315789473566,0.33662642497159107,-1.127550950839054,0.19202463504958278,-1.3895616125032717,0.16582837694221633,-0.3718051779724765,-0.8196209470753495,0.0760105911303966,—,1.0,0.6964791831573086
PE,participant-level,H3,HA2,5.0125,5.243589743589744,40,39,-0.231089743589743,0.3344059098071556,-0.886525326811768,0.424345839632282,-0.6910456329046554,0.4901417533185083,-0.1713473021895795,-0.6132255868244819,0.2705309824453229,—,1.0,0.9357251654262431
PE,participant-level,H3,HA3,5.0125,4.9939024390243905,40,41,0.018597560975611566,0.3302503472037694,-0.6286931195437764,0.6658882414949996,0.05631352437045764,0.9551344803195025,0.01348850706329765,-0.42210519745984826,0.4490822115864435,—,1.0,0.9854845227421565
PE,participant-level,H3,A,5.0125,4.868055555555555,40,36,0.1444444444444463,0.34138799703381384,-0.5246760297418288,0.8135649186307213,0.4231093234075811,0.6725586597879605,0.08942865982592865,-0.36107465539660144,0.5399319750484588,—,1.0,0.9854845227421565
PE,participant-level,HA1,HA2,5.480263157894737,5.243589743589744,38,39,0.23667341430499267,0.33872243148424064,-0.427222551404119,0.9005693800141044,0.6987237699845223,0.48533742125039214,0.19145711653420483,-0.2563282083958201,0.6392424414642297,—,1.0,0.9357251654262431
PE,participant-level,HA1,HA3,5.480263157894737,4.9939024390243905,38,41,0.4863607188703472,0.33462047890835195,-0.16949541979002264,1.142216857530717,1.4534696754275904,0.14727658985373174,0.38213076063023904,-0.06322607638350675,0.8274875976439848,—,1.0,0.6964791831573086
PE,participant-level,HA1,A,5.480263157894737,4.868055555555555,38,36,0.6122076023391819,0.3456173282626377,-0.06520236105558797,1.289617565733952,1.77134521991895,0.07765262057049624,0.40125180312582265,-0.05916644576122787,0.8616700520128732,—,1.0,0.6964791831573086
PE,participant-level,HA2,HA3,5.243589743589744,4.9939024390243905,39,41,0.24968730456535457,0.33238656325076116,-0.4017903594061373,0.9011649685368465,0.7511955420923075,0.45320154718381245,0.18344865752494402,-0.2558782634018508,0.6227755784517388,—,1.0,0.9357251654262431
PE,participant-level,HA2,A,5.243589743589744,4.868055555555555,39,36,0.37553418803418925,0.343454946274182,-0.29763750666320743,1.048705882731586,1.093401600728144,0.2752104348808552,0.23440072841504353,-0.2201549007853337,0.6889563576154207,—,1.0,0.9357251654262431
PE,participant-level,HA3,A,4.9939024390243905,4.868055555555555,41,36,0.1258468834688347,0.33941019347459184,-0.5393970957413652,0.7910908626790347,0.3707810958195502,0.7110968011660932,0.07755202306521537,-0.37028578456176825,0.525389830692199,—,1.0,0.9854845227421565
HM,participant-level,H1,H2,5.162393162393162,5.085470085470085,39,39,0.07692307692307826,0.3650299833926798,-0.638535690526574,0.7923818443727306,0.21073084519834775,0.8332592524983389,0.05040253101338057,-0.39352053389341,0.4943255959201711,—,1.0,0.9391509963696238
HM,participant-level,H1,H3,5.162393162393162,5.016666666666667,39,40,0.14572649572649676,0.36274137159409553,-0.5652465925979304,0.856699584050924,0.40173662873382815,0.6882016624143856,0.09973017483552389,-0.3416136741207627,0.5410740237918105,—,1.0,0.9032646819188812
HM,participant-level,H1,HA1,5.162393162393162,5.614035087719299,39,38,-0.4516419253261339,0.36742364827564183,-1.171792275946392,0.2685084252941241,-1.2292130009751343,0.2200822896131668,-0.3271080620437807,-0.7768484946319643,0.12263237054440285,—,1.0,0.7702880136460839
HM,participant-level,H1,HA2,5.162393162393162,4.999999999999999,39,39,0.16239316239316304,0.3650299833926805,-0.5530656050564907,0.8778519298428168,0.4448762287520607,0.6567723472455449,0.10880274296901686,-0.33537812948242474,0.5529836154204585,—,1.0,0.9032646819188812
HM,participant-level,H1,HA3,5.162393162393162,4.853658536585366,39,41,0.3087346258077984,0.3605509182614584,-0.39794517398466,1.0154144256002569,0.8562857842561791,0.392613338078298,0.19736148085257046,-0.2421101927427806,0.6368331544479215,—,1.0,0.9032646819188812
HM,participant-level,H1,A,5.162393162393162,4.805555555555556,39,36,0.356837606837608,0.37255716672028416,-0.373374439934149,1.087049653609365,0.9578063146092197,0.3390334372906225,0.21961750495992566,-0.23474900459809311,0.6739840145179444,—,1.0,0.9032646819188812
HM,participant-level,H2,H3,5.085470085470085,5.016666666666667,39,40,0.0688034188034185,0.3627413715940948,-0.6421696695210073,0.7797765071278444,0.18967623819984084,0.8497080443344216,0.0424872902251354,-0.39863225691002113,0.483606837360292,—,1.0,0.9391509963696238
HM,participant-level,H2,HA1,5.085470085470085,5.614035087719299,39,38,-0.5285650022492121,0.3674236482756415,-1.2487153528694694,0.19158534837104524,-1.43857099217708,0.15145209011354085,-0.3407155585718999,-0.7907079431939081,0.10927682605010841,—,1.0,0.6360987784768716
HM,participant-level,H2,HA2,5.085470085470085,4.999999999999999,39,39,0.08547008547008478,0.36502998339268017,-0.6299886819795684,0.8009288529197378,0.23414538355371353,0.8150529066469498,0.05181054332342188,-0.39211651330997477,0.49573759995681854,—,1.0,0.9391509963696238
HM,participant-level,H2,HA3,5.085470085470085,4.853658536585366,39,41,0.23181154888472016,0.3605509182614584,-0.47486825090773827,0.9384913486771786,0.6429370642085533,0.5208208463546866,0.1354694444191129,-0.3034391518589583,0.5743780406971841,—,1.0,0.9032646819188812
HM,participant-level,H2,A,5.085470085470085,4.805555555555556,39,36,0.27991452991452975,0.37255716672028444,-0.4502975168572277,1.0101265766862872,0.7513330970886658,0.45311892102331475,0.15761362967766238,-0.29609321051308124,0.6113204698684059,—,1.0,0.9032646819188812
HM,participant-level,H3,HA1,5.016666666666667,5.614035087719299,40,38,-0.5973684210526307,0.36515003930232204,-1.313062498085182,0.11832565597992051,-1.6359533253618135,0.10303646576085959,-0.4019248762641266,-0.8503809518137697,0.04653119928551658,—,1.0,0.5409414452445129
HM,participant-level,H3,HA2,5.016666666666667,4.999999999999999,40,39,0.016666666666666274,0.36274137159409503,-0.69430642165776,0.7276397549910926,0.04594641794902886,0.9633875619106,0.01049438700402759,-0.4305784435438351,0.45156721755189033,—,1.0,0.9633875619106
HM,participant-level,H3,HA3,5.016666666666667,4.853658536585366,40,41,0.16300813008130166,0.35823369264976435,-0.5391299075122364,0.8651461676748398,0.4550329391843955,0.6494581033094408,0.09863242838333611,-0.33722105058017715,0.5344859073468494,—,1.0,0.9032646819188812
HM,participant-level,H3,A,5.016666666666667,4.805555555555556,40,36,0.21111111111111125,0.3703150771504595,-0.5147064401037894,0.9369286623260119,0.5700851089715057,0.5691029716649234,0.12310332623135256,-0.3276007001121661,0.5738073525748713,—,1.0,0.9032646819188812
HM,participant-level,HA1,HA2,5.614035087719299,4.999999999999999,38,39,0.6140350877192969,0.36742364827564167,-0.10611526290096074,1.3341854383395546,1.671190982401457,0.09586441344906023,0.40455030117215685,-0.04675879206487371,0.8558593944091875,—,1.0,0.5409414452445129
HM,participant-level,HA1,HA3,5.614035087719299,4.853658536585366,38,41,0.7603765511339323,0.3629741219366788,0.04894727213804195,1.4718058301298227,2.094850583498569,0.03713376862405146,0.478610014503021,0.030992064982226675,0.9262279640238154,HA1 > HA3,0.7426753724810292,0.38990457055254035
HM,participant-level,HA1,A,5.614035087719299,4.805555555555556,38,36,0.8084795321637419,0.3749027754113964,0.07367009235740496,1.5432889719700789,2.1565045264777347,0.03194401012117542,0.48976241377622115,0.027126462852347044,0.9523983647000953,HA1 > A,0.6708242125446838,0.38990457055254035
HM,participant-level,HA2,HA3,4.999999999999999,4.853658536585366,39,41,0.1463414634146354,0.36055091826145874,-0.5603383363778237,0.8530212632070945,0.40588293082230825,0.6851561539765115,0.08700328700785566,-0.3516102906441562,0.5256168646598676,—,1.0,0.9032646819188812
HM,participant-level,HA2,A,4.999999999999999,4.805555555555556,39,36,0.19444444444444497,0.37255716672028466,-0.5357676023273129,0.9246564912162029,0.5219184109547236,0.6021631021439375,0.11136913687148091,-0.34198649227656525,0.564724766019527,—,1.0,0.9032646819188812
HM,participant-level,HA3,A,4.853658536585366,4.805555555555556,41,36,0.04810298102980959,0.3681696869083146,-0.673509605310487,0.7697155673701062,0.1306543768818987,0.8961478523352,0.02666391501786105,-0.4210261646309385,0.47435399466666056,—,1.0,0.94095524495196
BEL1,participant-level,H1,H2,5.410256410256411,4.846153846153846,39,39,0.5641025641025625,0.34538627368759345,-0.11285453232512055,1.2410596605302455,1.6332512525173508,0.10360368842866306,0.34557204954337933,-0.1015810822543779,0.7927251813411366,—,1.0,0.7025810663740619
BEL1,participant-level,H1,H3,5.410256410256411,5.15,39,40,0.26025641025641033,0.34322082115768404,-0.4124563992126504,0.9329692197254711,0.7582768707870499,0.44895908159082387,0.1581453348537752,-0.2836132576522186,0.599903927359769,—,1.0,0.7252415933390232
BEL1,participant-level,H1,HA1,5.410256410256411,5.026315789473684,39,38,0.38394062078272606,0.34765112597917563,-0.29745558613645817,1.0653368277019104,1.1043848044540037,0.27042800561251523,0.23725389946636385,-0.21107797084106958,0.6855857697737973,—,1.0,0.7025810663740619
BEL1,participant-level,H1,HA2,5.410256410256411,5.076923076923077,39,39,0.33333333333333226,0.34538627368759417,-0.3436237630943523,1.010290429761017,0.9651030128511594,0.33537310959359,0.20435697178338738,-0.2406526220558219,0.6493665656225966,—,1.0,0.7025810663740619
BEL1,participant-level,H1,HA3,5.410256410256411,5.463414634146342,39,41,-0.05315822388993113,0.34114824479775185,-0.7218087836935247,0.6154923359136626,-0.15582147849374323,0.8762923711377388,-0.03787723838107566,-0.4763228699815316,0.4005683932193803,—,1.0,0.9566127577779031
BEL1,participant-level,H1,A,5.410256410256411,5.444444444444445,39,36,-0.0341880341880334,0.3525083894566095,-0.725104477522988,0.6567284091469212,-0.09698502279827763,0.9228115970804046,-0.023069342919402692,-0.4760895467422956,0.42995086090349016,—,1.0,0.9566127577779031
BEL1,participant-level,H2,H3,4.846153846153846,5.15,39,40,-0.3038461538461522,0.3432208211576833,-0.9765589633152115,0.3688666556229071,-0.8852789082587694,0.3768087940152288,-0.18479184998566245,-0.6268018460915037,0.25721814612017885,—,1.0,0.7025810663740619
BEL1,participant-level,H2,HA1,4.846153846153846,5.026315789473684,39,38,-0.18016194331983648,0.34765112597917536,-0.8615581502390202,0.5012342635993472,-0.5182262614924721,0.6047328169417829,-0.11143191483639112,-0.5585415774930541,0.33567774782027193,—,1.0,0.8466259437184961
BEL1,participant-level,H2,HA2,4.846153846153846,5.076923076923077,39,39,-0.23076923076923028,0.34538627368759384,-0.9077263271969142,0.4461878656584536,-0.6681482396661886,0.5046204877687932,-0.14160365371951608,-0.5860121500147067,0.3028048425756745,—,1.0,0.7569307316531898
BEL1,participant-level,H2,HA3,4.846153846153846,5.463414634146342,39,41,-0.6172607879924936,0.34114824479775185,-1.2859113477960873,0.05138977181110005,-1.809362344392051,0.07152777251087655,-0.44033632575449855,-0.8840204137649511,0.003347762255954012,—,1.0,0.7025810663740619
BEL1,participant-level,H2,A,4.846153846153846,5.444444444444445,39,36,-0.5982905982905959,0.3525083894566098,-1.2892070416255512,0.09262584504435922,-1.6972378989698895,0.09082575171777275,-0.40416622777028866,-0.8617656009263847,0.053433145385807346,—,1.0,0.7025810663740619
BEL1,participant-level,H3,HA1,5.15,5.026315789473684,40,38,0.12368421052631573,0.34549986891305995,-0.5534955325432818,0.8008639535959132,0.35798627338246275,0.720638564979344,0.07585185002051097,-0.36830625307494624,0.5200099531159682,—,1.0,0.9458381165353891
BEL1,participant-level,H3,HA2,5.15,5.076923076923077,40,39,0.07307692307692193,0.34322082115768354,-0.5996358863921378,0.7457897325459817,0.2129151804672966,0.831556817847971,0.04447649049904072,-0.39664782405522625,0.4856008050533077,—,1.0,0.9566127577779031
BEL1,participant-level,H3,HA3,5.15,5.463414634146342,40,41,-0.31341463414634146,0.3389557182773879,-0.9777678419700218,0.35093857367733877,-0.9246477260780577,0.3559903907593315,-0.22071486227373224,-0.6576276330108426,0.21619790846337808,—,1.0,0.7025810663740619
BEL1,participant-level,H3,A,5.15,5.444444444444445,40,36,-0.29444444444444373,0.3503869556100027,-0.9812028774400491,0.3923139885511616,-0.8403407710536301,0.4014748950708925,-0.19659828067702387,-0.6479606199864797,0.2547640586324319,—,1.0,0.7025810663740619
BEL1,participant-level,HA1,HA2,5.026315789473684,5.076923076923077,38,39,-0.0506072874493938,0.3476511259791755,-0.7320034943685778,0.6307889194697902,-0.14556917457654142,0.8843721662240831,-0.031325691433542566,-0.4781162238901594,0.41546484102307424,—,1.0,0.9566127577779031
BEL1,participant-level,HA1,HA3,5.026315789473684,5.463414634146342,38,41,-0.4370988446726572,0.3434410462821442,-1.1102432953856598,0.23604560604034547,-1.2727041493857174,0.20423851955850547,-0.3161674363225597,-0.7602651311970783,0.12793025855195878,—,1.0,0.7025810663740619
BEL1,participant-level,HA1,A,5.026315789473684,5.444444444444445,38,36,-0.41812865497075946,0.3547277716504305,-1.1133950874056033,0.2771377774640843,-1.1787310957508224,0.23956255484971464,-0.2860287473337327,-0.7442093161814535,0.1721518215139881,—,1.0,0.7025810663740619
BEL1,participant-level,HA2,HA3,5.076923076923077,5.463414634146342,39,41,-0.3864915572232634,0.34114824479775213,-1.0551421170268576,0.2821590025803307,-1.132913808342742,0.25827441922435074,-0.27598926891129894,-0.716476463522266,0.1644979256996682,—,1.0,0.7025810663740619
BEL1,participant-level,HA2,A,5.076923076923077,5.444444444444445,39,36,-0.36752136752136566,0.35250838945661006,-1.0584378108563213,0.32339507581359006,-1.0425889950815015,0.2980888769586275,-0.24851266050859466,-0.7032602307690057,0.2062349097518164,—,1.0,0.7025810663740619
BEL1,participant-level,HA3,A,5.463414634146342,5.444444444444445,41,36,0.018970189701897733,0.3483570173171172,-0.663809564239652,0.7017499436434476,0.054456172142008964,0.9566127577779031,0.015587502260655807,-0.43208953879625117,0.4632645433175628,—,1.0,0.9566127577779031
