dv,contrast,spec,diff,ci_lo,ci_hi,d,p_raw,n
OH,C1 human-involved vs AI-only,"sample: primary (AT1+AV1, n=272)",0.39639813565252746,0.06215352029410476,0.7306427510109501,0.41865640129501674,0.020100515482816612,272
OH,C2 H vs HA,"sample: primary (AT1+AV1, n=272)",-0.07622457140000097,-0.3194832311732542,0.1670340883732523,-0.0846401939671385,0.539108458071754,272
OH,C3 disability disclosed vs no mention,"sample: primary (AT1+AV1, n=272)",-0.0912065152196869,-0.3505875139564014,0.1681744835170276,-0.10130596917107078,0.49069890748632605,272
OH,C4 intellectual vs mobility,"sample: primary (AT1+AV1, n=272)",0.04341168091168283,-0.2529321340338927,0.3397554958572584,0.04881686320459681,0.7740187376152285,272
OH,C1 human-involved vs AI-only,sample: all completes (n=300),0.32184702244573954,0.015597295920107446,0.6280967489713716,0.33821162720299447,0.03941548570331455,300
OH,C2 H vs HA,sample: all completes (n=300),-0.09631176882707239,-0.33096525687721867,0.13834171922307387,-0.10579413956069424,0.42112712516706197,300
OH,C3 disability disclosed vs no mention,sample: all completes (n=300),-0.08156621359492071,-0.3321528150238546,0.16902038783401313,-0.08955524478186384,0.5234852999644815,300
OH,C4 intellectual vs mobility,sample: all completes (n=300),0.054944423936671864,-0.2304709200937941,0.34035976796713785,0.06079731935569665,0.7059406186607884,300
OH,C1 human-involved vs AI-only,sample: primary minus 3x straightliners,0.40285285592731296,0.06499713008675517,0.7407085817678707,0.42792065709705507,0.019435680574986288,257
OH,C2 H vs HA,sample: primary minus 3x straightliners,-0.1109559077481698,-0.3605806183397965,0.1386688028434569,-0.12384486147414761,0.3836437979619771,257
OH,C3 disability disclosed vs no mention,sample: primary minus 3x straightliners,-0.08817924606747732,-0.35370049989275143,0.17734200775779677,-0.09835573115211571,0.5151024390563546,257
OH,C4 intellectual vs mobility,sample: primary minus 3x straightliners,0.007341435863105206,-0.2975117092793813,0.3121945810055917,0.008295407601960014,0.9623534462426745,257
OH,C1 human-involved vs AI-only,"adjusted for GAAIS_pos, NARS, SCM_warm, age",0.325428880151512,0.0493832042014376,0.6014745561015864,0.3432588833392062,0.020853063429335465,271
OH,C2 H vs HA,"adjusted for GAAIS_pos, NARS, SCM_warm, age",-0.1020735389191229,-0.3012703866227125,0.09712330878446672,-0.11317132575362936,0.3152080489614183,271
OH,C3 disability disclosed vs no mention,"adjusted for GAAIS_pos, NARS, SCM_warm, age",0.07494738084541983,-0.14385624336727423,0.2937510050581139,0.08312175216590179,0.5019887015841857,271
OH,C4 intellectual vs mobility,"adjusted for GAAIS_pos, NARS, SCM_warm, age",-0.037337872150882995,-0.2793899368138104,0.20471419251204442,-0.04189070604829881,0.7623922330351243,271
OH,C1 human-involved vs AI-only,participant means: Welch t,0.395114040594267,,,,0.0686843062575473,272
OH,C1 human-involved vs AI-only,participant means: Mann-Whitney,0.3888888888888893,,,,0.0626068291384556,272
OH,C2 H vs HA,participant means: Welch t,-0.07344632768361681,,,,0.5316436602373042,272
OH,C2 H vs HA,participant means: Mann-Whitney,-0.11111111111111072,,,,0.5167663498170931,272
OH,C3 disability disclosed vs no mention,participant means: Welch t,-0.0910089211976004,,,,0.4747470243613534,272
OH,C3 disability disclosed vs no mention,participant means: Mann-Whitney,0.0,,,,0.4282285889635382,272
OH,C4 intellectual vs mobility,participant means: Welch t,0.04373746966339631,,,,0.7568490702011759,272
OH,C4 intellectual vs mobility,participant means: Mann-Whitney,-0.05555555555555536,,,,0.8360412625683646,272
AU1,C1 human-involved vs AI-only,"sample: primary (AT1+AV1, n=272)",0.8119330795197531,0.35341772457208037,1.2704484344674258,0.6185671265085643,0.0005190210079389692,272
AU1,C2 H vs HA,"sample: primary (AT1+AV1, n=272)",0.15049281531956546,-0.1832083891423897,0.48419401978152066,0.1249217814400394,0.3767381876355572,272
AU1,C3 disability disclosed vs no mention,"sample: primary (AT1+AV1, n=272)",-0.28884801904706525,-0.6446657801646641,0.06696974207053363,-0.24076888402766738,0.11158677050075416,272
AU1,C4 intellectual vs mobility,"sample: primary (AT1+AV1, n=272)",-0.20907859078590998,-0.6156017874292151,0.19744460585739518,-0.16711193805008764,0.31343243188713477,272
AU1,C1 human-involved vs AI-only,sample: all completes (n=300),0.6256452195382514,0.21356989527962644,1.0377205437968762,0.48437979533596204,0.0029220021472232834,300
AU1,C2 H vs HA,sample: all completes (n=300),0.12904670870269314,-0.18669206198511934,0.4447854793905056,0.10905548368479275,0.42308618698503186,300
AU1,C3 disability disclosed vs no mention,sample: all completes (n=300),-0.25302462133162645,-0.5902022449990003,0.08415300233574746,-0.21455509226827496,0.14133926837637045,300
AU1,C4 intellectual vs mobility,sample: all completes (n=300),-0.18578196136335565,-0.5698235139029866,0.19825959117627526,-0.15118769089489734,0.3430482643981023,300
AU1,C1 human-involved vs AI-only,sample: primary minus 3x straightliners,0.8187444225886289,0.3520706374661021,1.2854182077111558,0.6223215973122301,0.0005845704662446579,257
AU1,C2 H vs HA,sample: primary minus 3x straightliners,0.13848311675976693,-0.20631881981266886,0.48328505333220273,0.11445381845042313,0.4311667928505988,257
AU1,C3 disability disclosed vs no mention,sample: primary minus 3x straightliners,-0.3051952494291095,-0.6719547833835466,0.06156428452532764,-0.25358691073563433,0.10289153402266776,257
AU1,C4 intellectual vs mobility,sample: primary minus 3x straightliners,-0.2881551055699664,-0.7092430442047265,0.13293283306479375,-0.23001696809102382,0.17983944460299006,257
AU1,C1 human-involved vs AI-only,"adjusted for GAAIS_pos, NARS, SCM_warm, age",0.8002059880499075,0.3769139273385566,1.2234980487612583,0.6135474664179783,0.00021118070373326165,271
AU1,C2 H vs HA,"adjusted for GAAIS_pos, NARS, SCM_warm, age",0.15260859285844008,-0.15284246650503724,0.4580596522219174,0.12794139778717578,0.3274566434079955,271
AU1,C3 disability disclosed vs no mention,"adjusted for GAAIS_pos, NARS, SCM_warm, age",-0.09718374439895706,-0.43270009206619503,0.23833260326828093,-0.0817026504810891,0.5702234934036715,271
AU1,C4 intellectual vs mobility,"adjusted for GAAIS_pos, NARS, SCM_warm, age",-0.3176689158003564,-0.6888347270305908,0.05349689542987801,-0.257167462167858,0.0934445248820916,271
AU1,C1 human-involved vs AI-only,participant means: Welch t,0.8097928436911488,,,,0.01654740001920087,272
AU1,C1 human-involved vs AI-only,participant means: Mann-Whitney,0.666666666666667,,,,0.023331810671082358,272
AU1,C2 H vs HA,participant means: Welch t,0.158192090395481,,,,0.31419304171613943,272
AU1,C2 H vs HA,participant means: Mann-Whitney,0.0,,,,0.26868638887194807,272
AU1,C3 disability disclosed vs no mention,participant means: Welch t,-0.2876745895613819,,,,0.07124784782565532,272
AU1,C3 disability disclosed vs no mention,participant means: Mann-Whitney,-0.33333333333333304,,,,0.09732507062541236,272
AU1,C4 intellectual vs mobility,participant means: Welch t,-0.2057613168724277,,,,0.30260386395206956,272
AU1,C4 intellectual vs mobility,participant means: Mann-Whitney,-0.3333333333333339,,,,0.3340615051596144,272
CR1,C1 human-involved vs AI-only,"sample: primary (AT1+AV1, n=272)",0.5035627164639158,0.1629857361476103,0.8441396967802213,0.5204417884815763,0.0037558281298934364,272
CR1,C2 H vs HA,"sample: primary (AT1+AV1, n=272)",0.013957188154965335,-0.23391008023027154,0.2618244565402022,0.016033145893908553,0.9121192129295745,272
CR1,C3 disability disclosed vs no mention,"sample: primary (AT1+AV1, n=272)",-0.21333563740509015,-0.47763068732369235,0.05095941251351205,-0.24669672506225152,0.11362963606451529,272
CR1,C4 intellectual vs mobility,"sample: primary (AT1+AV1, n=272)",-0.05578486554096301,-0.35774300335972625,0.24617327227780023,-0.061874952639627626,0.7172790489105321,272
CR1,C1 human-involved vs AI-only,sample: all completes (n=300),0.3946066650169349,0.08585098973593303,0.7033623402979368,0.409660491689306,0.012245577004070292,300
CR1,C2 H vs HA,sample: all completes (n=300),0.01839207059472662,-0.21818151587638318,0.2549656570658364,0.021011679210358892,0.8788893132738422,300
CR1,C3 disability disclosed vs no mention,sample: all completes (n=300),-0.20147243305208035,-0.45410950874294137,0.05116464263878068,-0.2314894572717268,0.11803935678741113,300
CR1,C4 intellectual vs mobility,sample: all completes (n=300),-0.03930724744678272,-0.32705805879096966,0.24844356389740424,-0.04340277116090072,0.7888999855706876,300
CR1,C1 human-involved vs AI-only,sample: primary minus 3x straightliners,0.511965564635802,0.16680668918413694,0.8571244400874671,0.5303509866594089,0.0036465758088882554,257
CR1,C2 H vs HA,sample: primary minus 3x straightliners,-0.006761327891444804,-0.2617819707365333,0.24825931495364373,-0.007793868574438991,0.9585564099428142,257
CR1,C3 disability disclosed vs no mention,sample: primary minus 3x straightliners,-0.22405615755061004,-0.4953169661423158,0.047204651041095724,-0.2601248092244675,0.10546406410608575,257
CR1,C4 intellectual vs mobility,sample: primary minus 3x straightliners,-0.10307122137617328,-0.41451412646087515,0.20837168370852857,-0.11481576431060647,0.5165601590517341,257
CR1,C1 human-involved vs AI-only,"adjusted for GAAIS_pos, NARS, SCM_warm, age",0.549695821705353,0.23557188626647535,0.8638197571442308,0.5830387993955611,0.0006038736949831056,271
CR1,C2 H vs HA,"adjusted for GAAIS_pos, NARS, SCM_warm, age",-0.009935400842679146,-0.23660983619585968,0.21673903451050136,-0.011858449673339676,0.9315387163704564,271
CR1,C3 disability disclosed vs no mention,"adjusted for GAAIS_pos, NARS, SCM_warm, age",-0.17613430669078683,-0.42512011416422485,0.07285150078265118,-0.21135497363441408,0.1655888646439213,271
CR1,C4 intellectual vs mobility,"adjusted for GAAIS_pos, NARS, SCM_warm, age",-0.15385631816752163,-0.4292974996724842,0.12158486333744098,-0.17985806697768983,0.2735957105552669,271
CR1,C1 human-involved vs AI-only,participant means: Welch t,0.5026679221594472,,,,0.052345478117238955,272
CR1,C1 human-involved vs AI-only,participant means: Mann-Whitney,0.5,,,,0.09214104757590012,272
CR1,C2 H vs HA,participant means: Welch t,0.014124293785312325,,,,0.900932321691329,272
CR1,C2 H vs HA,participant means: Mann-Whitney,0.33333333333333304,,,,0.4351276666110827,272
CR1,C3 disability disclosed vs no mention,participant means: Welch t,-0.21272019385226937,,,,0.06542227514983491,272
CR1,C3 disability disclosed vs no mention,participant means: Mann-Whitney,-0.33333333333333304,,,,0.09826621719207143,272
CR1,C4 intellectual vs mobility,participant means: Welch t,-0.056346945235834056,,,,0.6934175361084856,272
CR1,C4 intellectual vs mobility,participant means: Mann-Whitney,0.0,,,,0.3785148551805322,272
CR2,C1 human-involved vs AI-only,"sample: primary (AT1+AV1, n=272)",0.22347995274829327,-0.06984603251833651,0.516805938014923,0.2684500944921972,0.1353613394824521,272
CR2,C2 H vs HA,"sample: primary (AT1+AV1, n=272)",-0.1367034952399857,-0.3501821356546235,0.07677514517465209,-0.17270190647312814,0.20943938455519562,272
CR2,C3 disability disclosed vs no mention,"sample: primary (AT1+AV1, n=272)",-0.11029289139059653,-0.33792015453230195,0.11733437175110886,-0.13911487664107555,0.34227262465411,272
CR2,C4 intellectual vs mobility,"sample: primary (AT1+AV1, n=272)",-0.0016364394413179717,-0.26170148612387856,0.2584286072412426,-0.002055402011794816,0.9901598192604285,272
CR2,C1 human-involved vs AI-only,sample: all completes (n=300),0.15767200314378288,-0.11165496653528573,0.4269989728228515,0.18794261001889692,0.25119891543988526,300
CR2,C2 H vs HA,sample: all completes (n=300),-0.134090720382931,-0.34045339563541055,0.0722719548695486,-0.16644872888420129,0.20281499135746994,300
CR2,C3 disability disclosed vs no mention,sample: all completes (n=300),-0.11324386942665374,-0.33361869480427997,0.1071309559509725,-0.1403888009056204,0.31384639108529067,300
CR2,C4 intellectual vs mobility,sample: all completes (n=300),0.031352282515072744,-0.21965218556957197,0.28235675059971743,0.03845765356487241,0.8065971651378345,300
CR2,C1 human-involved vs AI-only,sample: primary minus 3x straightliners,0.23231261447201978,-0.06514224403719437,0.5297674729812339,0.2793589616900879,0.12582811610585096,257
CR2,C2 H vs HA,sample: primary minus 3x straightliners,-0.17323910597912096,-0.3930136348396356,0.04653542288139367,-0.21941217139754005,0.12234956448844726,257
CR2,C3 disability disclosed vs no mention,sample: primary minus 3x straightliners,-0.10626080802152882,-0.3400309677288672,0.1275093516858096,-0.13403829575166934,0.3729705452611959,257
CR2,C4 intellectual vs mobility,sample: primary minus 3x straightliners,-0.02595215184224675,-0.2943508860322404,0.2424465823477469,-0.03262670634848012,0.849687355931772,257
CR2,C1 human-involved vs AI-only,"adjusted for GAAIS_pos, NARS, SCM_warm, age",0.24434109969841353,-0.02448291272190431,0.5131651121187314,0.2948185995074358,0.0748316687101314,271
CR2,C2 H vs HA,"adjusted for GAAIS_pos, NARS, SCM_warm, age",-0.16082048516951725,-0.35480612061501743,0.033165150275982935,-0.20423891979318462,0.10418288838783447,271
CR2,C3 disability disclosed vs no mention,"adjusted for GAAIS_pos, NARS, SCM_warm, age",-0.03405311676727645,-0.24713259352604888,0.17902635999149596,-0.043190540489429205,0.754101562513487,271
CR2,C4 intellectual vs mobility,"adjusted for GAAIS_pos, NARS, SCM_warm, age",-0.07232070807521301,-0.3080404200879412,0.16339900393751516,-0.09159225982414161,0.5476110209417027,271
CR2,C1 human-involved vs AI-only,participant means: Welch t,0.22269303201506574,,,,0.23368312736512506,272
CR2,C1 human-involved vs AI-only,participant means: Mann-Whitney,0.33333333333333304,,,,0.2869889734803148,272
CR2,C2 H vs HA,participant means: Welch t,-0.13559322033898358,,,,0.18963961350872535,272
CR2,C2 H vs HA,participant means: Mann-Whitney,0.0,,,,0.41336301957682065,272
CR2,C3 disability disclosed vs no mention,participant means: Welch t,-0.10906912793705281,,,,0.32279700922300836,272
CR2,C3 disability disclosed vs no mention,participant means: Mann-Whitney,0.0,,,,0.2594744060631725,272
CR2,C4 intellectual vs mobility,participant means: Welch t,-0.002374169040836982,,,,0.9850063013796811,272
CR2,C4 intellectual vs mobility,participant means: Mann-Whitney,0.0,,,,0.9401458296463291,272
AU1,C1 human-involved vs AI-only,"ordinal GEE, global odds ratio (odds ratio of higher rating)",2.2274163508611684,1.17321284348958,4.228886197091609,,0.014351593787499393,272
AU1,C3 disability disclosed vs no mention,"ordinal GEE, global odds ratio (odds ratio of higher rating)",0.7013679647691866,0.46655244158636233,1.0543659793781477,,0.08811236157002314,236
AU1,C2 H vs HA,"ordinal GEE, global odds ratio (odds ratio of higher rating, HA vs H)",0.8082827939173516,0.5458338409153765,1.1969229937213213,,0.2879735516041947,236
CR1,C1 human-involved vs AI-only,"ordinal GEE, independence working correlation, cluster-robust SE (odds ratio of higher rating)",2.353175225207403,1.0875036072596946,5.091876112929141,,0.029782971126130778,272
CR1,C3 disability disclosed vs no mention,"ordinal GEE, independence working correlation, cluster-robust SE (odds ratio of higher rating)",0.6562654761970897,0.4195591872564739,1.026516373207002,,0.06499321700607076,236
CR1,C2 H vs HA,"ordinal GEE, independence working correlation, cluster-robust SE (odds ratio of higher rating, HA vs H)",0.9758141585047274,0.6347459570731498,1.5001486206056351,,0.9111539246946808,236
CR2,C1 human-involved vs AI-only,"ordinal GEE, independence working correlation, cluster-robust SE (odds ratio of higher rating)",1.5353004057348167,0.7893648130395243,2.9861317567134424,,0.2065495218231559,272
CR2,C3 disability disclosed vs no mention,"ordinal GEE, independence working correlation, cluster-robust SE (odds ratio of higher rating)",0.7915989430922488,0.5012753489307709,1.2500692245117895,,0.31609921898175486,236
CR2,C2 H vs HA,"ordinal GEE, independence working correlation, cluster-robust SE (odds ratio of higher rating, HA vs H)",1.332530556049049,0.8797876982094552,2.018257002704365,,0.17531643807165742,236
OH1,C1 human-involved vs AI-only,"ordinal GEE, independence working correlation, cluster-robust SE (odds ratio of higher rating)",1.5702644328682955,0.8778392769206618,2.8088631415315906,,0.12830035599019027,272
OH1,C3 disability disclosed vs no mention,"ordinal GEE, independence working correlation, cluster-robust SE (odds ratio of higher rating)",0.8955066225480129,0.5779922734358923,1.3874443446453704,,0.6212656289764411,236
OH1,C2 H vs HA,"ordinal GEE, independence working correlation, cluster-robust SE (odds ratio of higher rating, HA vs H)",1.1099772915870987,0.7458164249164736,1.6519475123882021,,0.6070278420620787,236
OH2,C1 human-involved vs AI-only,"ordinal GEE, independence working correlation, cluster-robust SE (odds ratio of higher rating)",1.9026970522896431,1.0616251849206553,3.410107563586362,,0.030707403953872836,272
OH2,C3 disability disclosed vs no mention,"ordinal GEE, independence working correlation, cluster-robust SE (odds ratio of higher rating)",0.8658533841375553,0.5651060098668261,1.3266574230897545,,0.5082180071031066,236
OH2,C2 H vs HA,"ordinal GEE, independence working correlation, cluster-robust SE (odds ratio of higher rating, HA vs H)",1.0225296511308006,0.6984440263095296,1.496994530780499,,0.908795415478022,236
OH3,C1 human-involved vs AI-only,"ordinal GEE, independence working correlation, cluster-robust SE (odds ratio of higher rating)",1.837724248505996,0.9407262241777107,3.5900247348785954,,0.07489295279408505,272
OH3,C3 disability disclosed vs no mention,"ordinal GEE, independence working correlation, cluster-robust SE (odds ratio of higher rating)",0.843826097276038,0.5251317042620056,1.3559312390874954,,0.48285996571254763,236
OH3,C2 H vs HA,"ordinal GEE, independence working correlation, cluster-robust SE (odds ratio of higher rating, HA vs H)",1.2066096011349274,0.7788436215837211,1.8693184218296728,,0.4004069874337036,236
